date,spread_spread_3M,spread_z_3M,spread_signal_3M,spread_spread_6M,spread_z_6M,spread_signal_6M,spread_spread_1Y,spread_z_1Y,spread_signal_1Y,spread_spread_2Y,spread_z_2Y,spread_signal_2Y,spread_spread_3Y,spread_z_3Y,spread_signal_3Y,spread_spread_5Y,spread_z_5Y,spread_signal_5Y,spread_spread_7Y,spread_z_7Y,spread_signal_7Y,spread_spread_10Y,spread_z_10Y,spread_signal_10Y,spread_spread_15Y,spread_z_15Y,spread_signal_15Y,spread_spread_20Y,spread_z_20Y,spread_signal_20Y,spread_spread_30Y,spread_z_30Y,spread_signal_30Y,cip_3M,cip_z_3M,cip_signal_3M,cip_6M,cip_z_6M,cip_signal_6M,cip_1Y,cip_z_1Y,cip_signal_1Y,cip_2Y,cip_z_2Y,cip_signal_2Y,cip_3Y,cip_z_3Y,cip_signal_3Y,cip_5Y,cip_z_5Y,cip_signal_5Y,cip_7Y,cip_z_7Y,cip_signal_7Y,cip_10Y,cip_z_10Y,cip_signal_10Y,cip_15Y,cip_z_15Y,cip_signal_15Y,cip_20Y,cip_z_20Y,cip_signal_20Y,cip_30Y,cip_z_30Y,cip_signal_30Y,signal_RU,signal_CN,divergence,z_RU_beta0,z_RU_beta1,z_RU_beta2,z_CN_beta0,z_CN_beta1,z_CN_beta2
2018-01-31,3.3734,,0,3.2102999999999997,,0,3.2799,,0,,,0,3.1836999999999995,,0,3.1063000000000005,,0,3.1975000000000002,,0,3.4259999999999997,,0,3.5097000000000005,,0,3.7908999999999997,,0,4.2153,,0,1.8606,,0,1.6975,,0,1.7671,,0,,,0,1.6709,,0,1.5935,,0,1.6847,,0,1.9132,,0,1.9969,,0,2.2781,,0,2.7025,,0,,,,,,,,,
2018-02-28,2.9375999999999998,,0,2.9355999999999995,,0,3.0286,,0,,,0,2.9672,,0,2.9697,,0,3.0441000000000003,,0,3.3098,,0,3.4643999999999995,,0,3.8155,,0,4.3485,,0,-1.6463,,0,-1.6483,,0,-1.5553,,0,,,0,-1.6167,,0,-1.6142,,0,-1.5398,,0,-1.2741,,0,-1.1195,,0,-0.7684,,0,-0.2354,,0,0.0,0.0,0.0,,,,,,
2018-03-31,3.0287,,0,2.8630000000000004,,0,2.7979000000000003,,0,,,0,2.8202999999999996,,0,2.9491000000000005,,0,3.0898,,0,3.3992999999999998,,0,3.5859999999999994,,0,3.947,,0,4.4651000000000005,,0,-7.8994,,0,-8.0651,,0,-8.1302,,0,,,0,-8.1078,,0,-7.979,,0,-7.8383,,0,-7.5288,,0,-7.3421,,0,-6.9811,,0,-6.463,,0,0.0,0.0,0.0,,,,,,
2018-04-30,3.5509,,0,3.4597999999999995,,0,3.4035,,0,,,0,3.5173,,0,3.6588999999999996,,0,3.5098,,0,3.7483,,0,3.8173000000000004,,0,4.0983,,0,4.4888,,0,-13.4205,,0,-13.5116,,0,-13.5679,,0,,,0,-13.4541,,0,-13.3125,,0,-13.4616,,0,-13.2231,,0,-13.1541,,0,-12.8731,,0,-12.4826,,0,0.0,0.0,0.0,,,,,,
2018-05-31,3.61,,0,3.5702999999999996,,0,3.5212,,0,,,0,3.5982000000000003,,0,3.6317000000000004,,0,3.6417,,0,3.8771000000000004,,0,3.9534,,0,4.1745,,0,4.3839999999999995,,0,-13.0911,,0,-13.1308,,0,-13.1799,,0,,,0,-13.1029,,0,-13.0694,,0,-13.0594,,0,-12.824,,0,-12.7477,,0,-12.5266,,0,-12.3171,,0,0.0,0.0,0.0,,,,,,
2018-06-30,3.6078,0.8563,0,3.5959000000000003,1.0093,0,3.6710000000000003,1.1989,0,,,0,3.9376,1.4237,0,4.1593,1.5431,1,4.1848,1.7086,1,4.3344,1.6809,1,4.106199999999999,1.4097,0,4.0573,0.4917,0,3.8391999999999995,-1.8685,-1,-4.7301,0.2852,0,-4.742,0.2965,0,-4.6669,0.3037,0,,,0,-4.4003,0.3413,0,-4.1786,0.3681,0,-4.1531,0.3633,0,-4.0035,0.3494,0,-4.2317,0.3035,0,-4.2806,0.2563,0,-4.4987,0.1694,0,0.0,0.0,0.0,,,,,,
2018-07-31,4.646800000000001,1.9801,1,4.349500000000001,1.8416,1,4.239,1.7564,1,,,0,4.312200000000001,1.5683,1,4.2951,1.3666,0,4.1598999999999995,1.2799,0,4.328799999999999,1.2879,0,4.165,1.2717,0,4.196199999999999,1.1263,0,4.085000000000001,-0.7529,0,0.5662,0.9712,0,0.2689,0.9475,0,0.1584,0.9255,0,,,0,0.2316,0.9354,0,0.2145,0.931,0,0.0793,0.9037,0,0.2482,0.8964,0,0.0844,0.8712,0,0.1156,0.8454,0,0.0044,0.7887,0,0.0,0.0,0.0,-0.1471,-0.5677,-0.0625,0.9572,-1.5427,1.2231
2018-08-31,4.8395,1.6427,1,4.4582,1.5295,1,4.524900000000001,1.6606,1,,,0,4.8573,1.7408,1,5.1638,1.8469,1,5.1189,1.9345,1,5.224900000000001,1.9545,1,4.944100000000001,2.0688,1,4.8629,2.2095,1,4.545000000000001,1.0428,0,-6.3267,-0.1284,0,-6.708,-0.1704,0,-6.6413,-0.1585,0,,,0,-6.3089,-0.1177,0,-6.0024,-0.081,0,-6.0473,-0.0888,0,-5.9413,-0.1079,0,-6.2221,-0.1559,0,-6.3033,-0.2019,0,-6.6212,-0.2901,0,0.0,0.0,0.0,1.422,-1.5592,1.2914,1.2246,-0.75,1.4217
2018-09-30,4.7965,1.3088,0,4.4811,1.3009,0,4.3043,1.1078,0,,,0,4.6992,1.2655,0,4.903499999999999,1.2628,0,4.929900000000001,1.3629,0,5.079699999999999,1.3999,0,4.8462000000000005,1.4768,0,4.7749999999999995,1.5211,1,4.444999999999999,0.5783,0,-3.9201,0.2728,0,-4.2355,0.2464,0,-4.4123,0.2158,0,,,0,-4.0174,0.2676,0,-3.8131,0.2886,0,-3.7867,0.2914,0,-3.6369,0.2818,0,-3.8704,0.2467,0,-3.9416,0.2064,0,-4.2716,0.121,0,0.0,0.0,0.0,-0.5075,-0.518,-0.5123,0.3887,-0.057,0.834
2018-10-31,5.0788,1.402,0,4.894499999999999,1.5603,1,4.9146,1.6531,1,,,0,5.0905000000000005,1.4686,0,5.1771,1.3441,0,5.1046,1.3384,0,5.1714,1.2984,0,4.923599999999999,1.3583,0,4.8725,1.4559,0,4.6248,1.1849,0,-3.1042,0.3999,0,-3.2885,0.3989,0,-3.2684,0.4036,0,,,0,-3.0925,0.4152,0,-3.0059,0.4156,0,-3.0784,0.4005,0,-3.0116,0.3774,0,-3.2594,0.343,0,-3.3105,0.3093,0,-3.5582,0.2439,0,0.0,0.0,0.0,-0.7269,0.5664,0.0397,-0.3995,0.1557,-0.3294
2018-11-30,5.1815,1.3179,0,5.1509,1.5705,1,5.2874,1.7229,1,,,0,5.210099999999999,1.3775,0,5.3547,1.3304,0,5.3198,1.3658,0,5.475,1.4332,0,5.2943999999999996,1.6141,1,5.2789,1.8384,1,5.0543,2.0798,1,-2.9926,0.4004,0,-3.0232,0.4274,0,-2.8867,0.4525,0,,,0,-2.964,0.4178,0,-2.8194,0.429,0,-2.8543,0.4217,0,-2.6991,0.4166,0,-2.8797,0.3974,0,-2.8952,0.373,0,-3.1198,0.3162,0,0.0,0.0,0.0,0.6899,-0.7986,-0.7681,-1.0161,-0.1739,-0.3771
2018-12-31,4.5047,0.4968,0,4.6381000000000006,0.855,0,4.85,1.066,0,,,0,5.2912,1.292,0,5.5424,1.3372,0,5.5059000000000005,1.3684,0,5.5535,1.3344,0,5.3817,1.4849,0,5.366199999999999,1.6516,1,5.1744,1.9001,1,-8.761,-0.7172,0,-8.6276,-0.6689,0,-8.4157,-0.6267,0,,,0,-7.9745,-0.5703,0,-7.7233,-0.5477,0,-7.7598,-0.5516,0,-7.7122,-0.5804,0,-7.884,-0.6049,0,-7.8995,-0.6335,0,-8.0913,-0.6845,0,0.0,0.0,0.0,-0.611,-0.8592,0.4753,-1.4024,1.3399,-1.1735
2019-01-31,5.4149,1.4025,0,5.3153,1.4829,0,5.2927,1.408,0,5.1838,,0,5.1715,1.0598,0,5.105700000000001,0.8291,0,5.061499999999999,0.8312,0,5.106300000000001,0.7623,0,4.887799999999999,0.7387,0,4.872300000000001,0.7285,0,4.5769,0.2717,0,-4.9698,0.0635,0,-5.0694,0.07,0,-5.092,0.0617,0,-5.2009,,0,-5.2132,0.0098,0,-5.279,-0.0279,0,-5.3232,-0.0351,0,-5.2784,-0.0621,0,-5.4969,-0.0915,0,-5.5124,-0.1166,0,-5.8078,-0.1855,0,0.0,0.0,0.0,-1.9494,1.7623,-0.8239,-0.3413,-0.9493,0.393
2019-02-28,5.1754,1.0389,0,5.1143,1.1357,0,5.0847,1.0714,0,5.1265,,0,5.160299999999999,0.972,0,5.103400000000001,0.7786,0,5.143599999999999,0.8619,0,5.2469,0.8695,0,5.1145000000000005,0.9874,0,5.139000000000001,1.1094,0,4.9083000000000006,1.1046,0,-5.6817,-0.087,0,-5.7428,-0.074,0,-5.7724,-0.083,0,-5.7306,,0,-5.6968,-0.0931,0,-5.7537,-0.1286,0,-5.7135,-0.1171,0,-5.6102,-0.1309,0,-5.7426,-0.1413,0,-5.7181,-0.1571,0,-5.9488,-0.2095,0,0.0,0.0,0.0,0.5511,-0.905,0.0582,0.3336,-0.5039,1.1728
2019-03-31,5.2073,1.0009,0,5.1679,1.1053,0,5.0823,0.995,0,5.1648,,0,5.2074,0.9561,0,5.152299999999999,0.785,0,5.1314,0.8014,0,5.3417,0.9206,0,5.257399999999999,1.1006,0,5.331900000000001,1.3121,0,5.1869,1.6258,1,-0.1775,1.063,0,-0.2169,1.0876,0,-0.3025,1.0662,0,-0.22,,0,-0.1774,1.0794,0,-0.2325,1.0597,0,-0.2534,1.0537,0,-0.0431,1.0652,0,-0.1274,1.0739,0,-0.0529,1.0755,0,-0.1979,1.0494,0,0.0,0.0,0.0,-0.0252,0.1281,-0.6949,-1.3516,0.2823,0.47
2019-04-30,5.0655,0.7957,0,4.9954,0.8555,0,4.7698,0.608,0,4.7482,,0,4.7357,0.4234,0,4.725099999999999,0.3173,0,4.612799999999999,0.2186,0,4.843100000000001,0.3114,0,4.8317,0.4767,0,4.9860999999999995,0.6823,0,4.9507,0.9544,0,6.9677,2.1228,1,6.8976,2.1381,1,6.672,2.1086,1,6.6504,,0,6.6379,2.1051,1,6.6273,2.1093,1,6.515,2.0919,1,6.7453,2.1018,1,6.7339,2.1213,1,6.8883,2.136,1,6.8529,2.1386,1,0.0,-1.0,0.0,-0.5613,0.3778,-0.8765,2.6409,-0.6201,1.213
2019-05-31,4.900399999999999,0.5816,0,4.8065,0.6096,0,4.670999999999999,0.4744,0,4.5945,,0,4.578199999999999,0.2386,0,4.6369,0.2136,0,4.5319,0.1222,0,4.7149,0.1483,0,4.5771999999999995,0.1021,0,4.661600000000001,0.109,0,4.499699999999999,-0.203,0,8.2363,1.9771,1,8.1424,1.9843,1,8.0069,1.9775,1,7.9304,,0,7.9141,1.97,1,7.9728,1.9826,1,7.8678,1.9728,1,8.0508,1.9731,1,7.9131,1.9702,1,7.9975,1.971,1,7.8356,1.9574,1,0.0,0.0,0.0,-1.3204,1.1819,-0.3992,0.2748,0.4866,-1.1927
2019-06-30,4.743,0.3838,0,4.5807,0.3306,0,4.4071,0.1517,0,4.3316,-1.4825,0,4.3094,-0.0717,0,4.292999999999999,-0.1727,0,4.155,-0.3146,0,4.2646,-0.4137,0,4.0226999999999995,-0.7032,0,4.017099999999999,-0.9995,0,3.7536,-1.881,-1,7.8812,1.6918,1,7.7189,1.6886,1,7.5453,1.6786,1,7.4698,0.8871,0,7.4476,1.6718,1,7.4312,1.671,1,7.2932,1.6594,1,7.4028,1.6503,1,7.1609,1.6345,1,7.1553,1.6233,1,6.8918,1.5992,1,1.0,0.0,0.0,-2.2127,1.341,0.9781,-1.129,-0.1684,1.0754
2019-07-31,4.35,-0.0892,0,4.3530999999999995,0.0509,0,4.1317,-0.1855,0,4.1223,-1.4765,0,4.0755,-0.3417,0,4.1006,-0.3863,0,4.037599999999999,-0.4433,0,4.2348,-0.4388,0,4.142799999999999,-0.5026,0,4.2773,-0.5111,0,4.1721,-0.8285,0,4.2515,1.0549,0,4.2546,1.0738,0,4.0332,1.0545,0,4.0238,0.3219,0,3.977,1.0477,0,4.0021,1.049,0,3.9391,1.0477,0,4.1363,1.0522,0,4.0443,1.0577,0,4.1788,1.0671,0,4.0736,1.0655,0,0.0,0.0,0.0,0.2576,-0.877,-1.0218,-0.248,0.4228,-0.0605
2019-08-31,4.242000000000001,-0.218,0,4.144,-0.2069,0,4.1021,-0.2177,0,4.0587,-1.3052,0,4.0102,-0.4099,0,3.9273,-0.5747,0,3.9204,-0.5699,0,4.162699999999999,-0.5188,0,4.1122000000000005,-0.533,0,4.2567,-0.5318,0,4.197699999999999,-0.7363,0,11.054,1.862,1,10.956,1.865,1,10.9141,1.8784,1,10.8707,1.2221,0,10.8222,1.8803,1,10.7393,1.875,1,10.7324,1.8837,1,10.9747,1.8918,1,10.9242,1.9039,1,11.0687,1.9129,1,11.0097,1.9236,1,0.0,0.0,0.0,-0.6745,0.9223,-0.6669,-1.1329,1.394,-0.6029
2019-09-30,4.275399999999999,-0.1712,0,4.112,-0.2422,0,3.9672,-0.384,0,3.8796999999999997,-1.3755,0,3.883,-0.5521,0,3.7876999999999996,-0.7182,0,3.7596999999999996,-0.7448,0,4.008900000000001,-0.703,0,4.0271,-0.646,0,4.2417,-0.543,0,4.2699,-0.541,0,9.4975,1.5014,1,9.3341,1.496,0,9.1893,1.4932,0,9.1018,0.8465,0,9.1051,1.4929,0,9.0098,1.4853,0,8.9818,1.4892,0,9.231,1.4969,0,9.2492,1.5143,1,9.4638,1.53,1,9.492,1.5478,1,0.0,0.0,0.0,-0.178,0.0709,-0.4517,0.5212,-0.5636,0.727
2019-10-31,3.4880999999999998,-1.1368,0,3.3571999999999997,-1.1713,0,3.3051999999999997,-1.1977,0,3.2236000000000002,-1.8972,-1,3.1502999999999997,-1.3845,0,3.1590000000000003,-1.3903,0,3.1321000000000003,-1.4351,0,3.302,-1.5439,-1,3.2203999999999997,-1.7543,-1,3.335,-1.998,-1,3.2438,-2.5225,-1,7.8144,1.1939,0,7.6835,1.1929,0,7.6315,1.2003,0,7.5499,0.557,0,7.4766,1.1885,0,7.4853,1.1931,0,7.4584,1.1961,0,7.6283,1.1932,0,7.5467,1.1957,0,7.6613,1.1969,0,7.5701,1.1961,0,1.0,-1.0,1.0,-2.2354,1.1607,0.3154,1.7822,0.1568,-0.7576
2019-11-30,3.5665,-0.9895,0,3.3677,-1.1002,0,3.1569,-1.308,0,3.1482,-1.6257,-1,3.138,-1.3131,0,3.2445,-1.2153,0,3.2511000000000005,-1.2151,0,3.415,-1.3076,0,3.2941,-1.5172,-1,3.3487999999999998,-1.7808,-1,3.1482,-2.3069,-1,8.6362,1.2327,0,8.4374,1.2237,0,8.2266,1.2115,0,8.2179,0.6276,0,8.2077,1.2191,0,8.3142,1.2362,0,8.3208,1.2432,0,8.4847,1.2397,0,8.3638,1.2371,0,8.4185,1.2306,0,8.2179,1.2167,0,0.0,0.0,0.0,-0.4147,0.7667,0.057,-1.3618,0.7255,-0.1549
2019-12-31,2.7826,-1.813,-1,2.7740000000000005,-1.7086,-1,2.8468999999999998,-1.5783,-1,3.1316,-1.4182,0,3.0879000000000003,-1.2944,0,3.2102999999999997,-1.1905,0,3.2346999999999997,-1.1721,0,3.2735000000000003,-1.3963,0,3.0981999999999994,-1.6555,-1,3.1007999999999996,-1.9535,-1,2.8850999999999996,-2.3703,-1,15.8856,1.9723,1,15.877,1.9861,1,15.9499,2.0115,1,16.2346,1.6571,1,16.1909,2.0536,1,16.3133,2.0735,1,16.3377,2.0818,1,16.3765,2.0657,1,16.2012,2.0594,1,16.2038,2.0492,1,15.9881,2.0425,1,1.0,0.0,0.0,-1.5376,-1.0569,2.4471,-0.7257,-1.4733,1.0998
2020-01-31,,,0,,,0,3.0889999999999995,-1.251,0,3.0307,-1.3625,0,3.0823,-1.2877,0,3.1617,-1.2549,0,3.2221,-1.1905,0,3.3668000000000005,-1.269,0,3.2500000000000004,-1.399,0,3.3026,-1.5485,-1,3.1254,-1.7584,-1,,,0,,,0,11.116,1.2977,0,11.0577,0.7978,0,11.1093,1.3009,0,11.1887,1.3093,0,11.2491,1.3204,0,11.3938,1.3185,0,11.277,1.3196,0,11.3296,1.3173,0,11.1524,1.3155,0,0.0,1.0,0.0,-0.381,0.2842,-0.6355,-1.5859,0.6892,0.2151
2020-02-29,4.0035,-0.4561,0,3.8506,-0.5082,0,3.7508999999999997,-0.4881,0,3.4555,-0.7887,0,3.4568999999999996,-0.8916,0,3.5834,-0.8173,0,3.5923,-0.7931,0,3.8623999999999996,-0.6903,0,3.7283,-0.7651,0,3.802,-0.8063,0,3.6674,-0.864,0,6.6416,0.7446,0,6.4887,0.7403,0,6.389,0.6744,0,6.0936,0.0148,0,6.095,0.6391,0,6.2215,0.6492,0,6.2304,0.6539,0,6.5005,0.6666,0,6.3664,0.6655,0,6.4401,0.6663,0,6.3055,0.6679,0,0.0,1.0,0.0,0.4273,1.1964,-1.3025,-2.0707,-0.4742,0.8368
2020-03-31,4.0138,-0.5354,0,4.171799999999999,-0.1726,0,4.202999999999999,0.0169,0,4.3447,0.3128,0,4.4414,0.2513,0,4.2728,-0.0435,0,4.1362000000000005,-0.1719,0,4.2401,-0.2505,0,3.9899999999999998,-0.4293,0,3.9713999999999996,-0.5572,0,3.8293,-0.5755,0,-8.9109,-1.1401,0,-8.7529,-1.1113,0,-8.7217,-1.146,0,-8.58,-1.9509,-1,-8.4833,-1.1372,0,-8.6519,-1.1679,0,-8.7885,-1.178,0,-8.6846,-1.1831,0,-8.9347,-1.1966,0,-8.9533,-1.2041,0,-9.0954,-1.2093,0,0.0,0.0,0.0,-1.2902,0.7081,2.202,-1.1827,-1.5192,0.4442
2020-04-30,3.5683,-1.1666,0,3.6287000000000003,-0.9766,0,4.0135000000000005,-0.2856,0,3.9374999999999996,-0.2074,0,3.9905,-0.3735,0,3.8914,-0.5576,0,3.5361000000000002,-0.9663,0,3.632,-1.0649,0,3.3879,-1.231,0,3.4058999999999995,-1.3042,0,3.3758000000000004,-1.1578,0,-4.5307,-0.6972,0,-4.4703,-0.6793,0,-4.0855,-0.6759,0,-4.1615,-1.2102,0,-4.1085,-0.6939,0,-4.2076,-0.714,0,-4.5629,-0.7525,0,-4.467,-0.7578,0,-4.7111,-0.768,0,-4.6931,-0.7684,0,-4.7232,-0.752,0,0.0,0.0,0.0,-1.1884,0.3418,-1.7972,2.6338,-1.6601,-3.8967
2020-05-31,2.589,-2.2376,-1,2.5474,-2.2332,-1,2.849,-1.7854,-1,2.7955000000000005,-1.5465,-1,2.9062,-1.696,-1,2.8659,-1.7594,-1,2.7229,-1.8567,-1,2.9947000000000004,-1.7618,-1,2.8297000000000003,-1.8015,-1,2.8981999999999997,-1.8055,-1,2.9166000000000003,-1.6369,-1,-2.36,-0.5159,0,-2.4016,-0.5101,0,-2.1,-0.5191,0,-2.1535,-0.8788,0,-2.0428,-0.5256,0,-2.0831,-0.5383,0,-2.2261,-0.549,0,-1.9543,-0.5304,0,-2.1193,-0.5281,0,-2.0508,-0.5205,0,-2.0324,-0.4935,0,0.0,0.0,0.0,0.6778,1.1856,-1.3705,-0.0579,0.233,0.1817
2020-06-30,2.3514999999999997,-2.2113,-1,2.0989999999999998,-2.3801,-1,2.1436,-2.3209,-1,2.3254,-1.8498,-1,2.4217999999999997,-2.0208,-1,2.7157999999999998,-1.7389,-1,2.8298000000000005,-1.5613,-1,3.227,-1.349,0,3.1480000000000006,-1.2887,0,3.2465,-1.2555,0,3.3209,-1.027,0,-4.9992,-0.8804,0,-5.2517,-0.9025,0,-5.2071,-0.9439,0,-5.0253,-1.1937,0,-4.9289,-0.9254,0,-4.6349,-0.8927,0,-4.5209,-0.8672,0,-4.1237,-0.8326,0,-4.2027,-0.8178,0,-4.1042,-0.8056,0,-4.0298,-0.7723,0,-1.0,0.0,0.0,1.8837,-0.0345,-0.886,-1.1268,0.6532,1.4025
2020-07-31,1.31,-2.6485,-1,1.2029,-2.6504,-1,1.9272,-2.1808,-1,2.0204000000000004,-1.9053,-1,2.2547999999999995,-1.9287,-1,2.5578,-1.7114,-1,2.68,-1.5682,-1,3.1036,-1.3741,0,3.0342,-1.3165,0,3.1226999999999996,-1.3031,0,3.1868999999999996,-1.1238,0,-11.5753,-1.6118,-1,-11.6824,-1.6158,-1,-10.9581,-1.5787,-1,-10.8649,-1.7669,-1,-10.6305,-1.567,-1,-10.3275,-1.5417,-1,-10.2053,-1.5189,-1,-9.7817,-1.4861,0,-9.8511,-1.4691,0,-9.7626,-1.4564,0,-9.6984,-1.4278,0,0.0,0.0,0.0,0.0935,0.3576,-0.3025,1.448,2.2204,-1.9456
2020-08-31,1.7864999999999998,-1.9102,-1,1.5302999999999995,-2.0092,-1,1.6576999999999997,-2.102,-1,1.6825,-1.9595,-1,1.8771999999999998,-2.0126,-1,2.4151000000000002,-1.6728,-1,2.7317,-1.3793,0,3.2623,-1.0943,0,3.1830000000000003,-1.0474,0,3.2415,-1.0636,0,3.2856999999999994,-0.9167,0,-13.7767,-1.7518,-1,-14.0329,-1.7742,-1,-13.9055,-1.8165,-1,-13.8807,-1.8862,-1,-13.686,-1.8207,-1,-13.1481,-1.7755,-1,-12.8315,-1.7372,-1,-12.3009,-1.7012,-1,-12.3802,-1.6888,-1,-12.3217,-1.6818,-1,-12.2775,-1.663,-1,0.0,0.0,0.0,1.3319,-0.1507,-0.4816,-1.2608,-0.3167,1.7745
2020-09-30,1.3137999999999996,-1.9901,-1,0.9757000000000002,-2.0978,-1,1.6338000000000004,-1.8607,-1,1.8475999999999995,-1.6316,-1,2.0599000000000003,-1.6403,-1,2.5462999999999996,-1.3967,0,2.8174,-1.1803,0,3.2718,-0.9967,0,3.141,-1.009,0,3.1694999999999998,-1.0576,0,3.2118999999999995,-0.9342,0,-24.2261,-2.4798,-1,-24.5642,-2.5013,-1,-23.9061,-2.5134,-1,-23.6923,-2.4633,-1,-23.48,-2.5078,-1,-22.9936,-2.4895,-1,-22.7225,-2.4718,-1,-22.2681,-2.4596,-1,-22.3989,-2.4546,-1,-22.3704,-2.4509,-1,-22.328,-2.4431,-1,0.0,0.0,0.0,-0.1408,0.0241,0.508,1.337,1.75,-1.3373
2020-10-31,1.2994000000000003,-1.7667,-1,1.2466,-1.6807,-1,1.6727000000000003,-1.6382,-1,1.7764000000000002,-1.5563,-1,2.0241,-1.5171,-1,2.5645000000000002,-1.2673,0,2.7389000000000006,-1.1654,0,3.229,-0.9649,0,3.1281,-0.9429,0,3.1666000000000003,-0.9762,0,3.2185,-0.8515,0,-25.5902,-2.2119,-1,-25.643,-2.207,-1,-25.2169,-2.2489,-1,-25.1132,-2.2155,-1,-24.8655,-2.2512,-1,-24.3251,-2.2366,-1,-24.1507,-2.2329,-1,-23.6606,-2.2239,-1,-23.7615,-2.219,-1,-23.723,-2.2162,-1,-23.6711,-2.2117,-1,0.0,0.0,0.0,0.6528,-0.0053,-0.4746,0.3936,1.1072,-0.9382
2020-11-30,1.2077000000000004,-1.641,-1,1.1169000000000002,-1.5915,-1,1.5290000000000004,-1.5968,-1,1.5862999999999996,-1.5839,-1,1.8333,-1.5372,-1,2.2691999999999997,-1.4433,0,2.4658,-1.3556,0,2.9000000000000004,-1.2651,0,2.8809,-1.1556,0,2.9694,-1.1289,0,3.0932,-0.9388,0,-22.1985,-1.6971,-1,-22.2893,-1.696,-1,-21.8772,-1.7363,-1,-21.8199,-1.7393,-1,-21.5729,-1.7392,-1,-21.137,-1.7326,-1,-20.9404,-1.7269,-1,-20.5062,-1.7227,-1,-20.5253,-1.7134,-1,-20.4368,-1.7083,-1,-20.313,-1.699,-1,0.0,0.0,0.0,0.3837,0.1579,-0.3387,0.2059,1.0534,-0.6152
2020-12-31,1.3976000000000002,-1.363,0,1.4384000000000001,-1.2479,0,1.7060999999999997,-1.3288,0,1.8474000000000004,-1.2845,0,2.0926,-1.2156,0,2.5187999999999997,-1.1254,0,2.7001,-1.0435,0,3.1270999999999995,-0.9341,0,3.0843000000000003,-0.8488,0,3.1428,-0.8547,0,3.2332,-0.6928,0,-23.0404,-1.6176,-1,-22.9996,-1.6064,-1,-22.7319,-1.6579,-1,-22.5906,-1.655,-1,-22.3454,-1.6535,-1,-21.9192,-1.6493,-1,-21.7379,-1.6467,-1,-21.3109,-1.6459,-1,-21.3537,-1.6405,-1,-21.2952,-1.6389,-1,-21.2048,-1.6352,-1,0.0,0.0,0.0,0.502,-1.8871,1.358,-1.1559,-1.8212,0.9664
2021-01-31,1.6268999999999996,-1.1128,0,1.7144000000000004,-0.9793,0,1.6700999999999997,-1.2604,0,1.9194,-1.1372,0,2.2651000000000003,-0.9864,0,2.7794000000000003,-0.7828,0,3.02,-0.6061,0,3.4114,-0.4979,0,3.3703999999999996,-0.4064,0,3.4289000000000005,-0.4169,0,3.5208999999999997,-0.2274,0,-24.5156,-1.5683,-1,-24.4281,-1.5564,-1,-24.4724,-1.6279,-1,-24.2231,-1.6196,-1,-23.8774,-1.6132,-1,-23.3631,-1.6063,-1,-23.1225,-1.6013,-1,-22.7311,-1.6048,-1,-22.7721,-1.6009,-1,-22.7136,-1.5999,-1,-22.6216,-1.5986,-1,0.0,0.0,0.0,0.9016,-0.2396,-0.4586,0.0136,0.8209,-0.0987
2021-02-28,2.5921000000000003,-0.38,0,2.3491999999999997,-0.4806,0,2.1364,-0.8139,0,2.4236999999999997,-0.6441,0,2.8171999999999997,-0.4134,0,3.2950000000000004,-0.1312,0,3.4981999999999998,0.0869,0,3.7802,0.1136,0,3.6536999999999997,0.0839,0,3.6522,-0.0267,0,3.7289,0.1647,0,-15.8408,-0.8666,0,-16.0837,-0.8778,0,-16.2965,-0.9534,0,-16.0092,-0.9405,0,-15.6157,-0.9267,0,-15.1379,-0.916,0,-14.9347,-0.9099,0,-14.6527,-0.9167,0,-14.7792,-0.9189,0,-14.7807,-0.9232,0,-14.704,-0.9201,0,0.0,0.0,0.0,0.7348,-0.4968,0.8558,0.0062,-1.6916,1.2499
2021-03-31,2.7454999999999994,-0.2024,0,2.5760000000000005,-0.2526,0,2.5629999999999997,-0.3896,0,2.9663000000000004,-0.0813,0,3.3164999999999996,0.1703,0,3.7564,0.5564,0,3.8592000000000004,0.7564,0,4.041300000000001,0.7091,0,3.8303,0.5355,0,3.7788000000000004,0.3097,0,3.8215000000000003,0.4743,0,-2.2867,0.143,0,-2.4562,0.1378,0,-2.4692,0.084,0,-2.0659,0.1107,0,-1.7157,0.13,0,-1.2758,0.1513,0,-1.173,0.1575,0,-0.9909,0.1519,0,-1.2019,0.1444,0,-1.2534,0.1351,0,-1.2107,0.1422,0,0.0,0.0,0.0,-0.3758,0.25,1.0038,-0.6579,0.2161,0.3243
2021-04-30,3.0848999999999998,0.1318,0,3.1068000000000002,0.2237,0,3.0509,0.1211,0,3.1736,0.1966,0,3.4133999999999998,0.3577,0,3.7085,0.5934,0,3.8368999999999995,0.8358,0,4.045999999999999,0.863,0,3.8720999999999997,0.7857,0,3.8406000000000002,0.5886,0,3.8898999999999995,0.8107,0,-6.8535,-0.1532,0,-6.8316,-0.1445,0,-6.8875,-0.2061,0,-6.7648,-0.2025,0,-6.525,-0.1951,0,-6.2299,-0.1904,0,-6.1015,-0.1855,0,-5.8924,-0.1918,0,-6.0663,-0.1963,0,-6.0978,-0.2031,0,-6.0485,-0.198,0,0.0,0.0,0.0,-0.1673,-0.3963,-0.2011,-0.1317,-0.7503,0.6031
2021-05-31,3.6335999999999995,0.6603,0,3.5476,0.656,0,3.4487,0.5843,0,3.4722,0.5895,0,3.6213,0.6835,0,3.8354999999999997,0.8935,0,3.9844999999999997,1.2093,0,4.205,1.3355,0,4.0226999999999995,1.2689,0,3.9812,1.0501,0,4.0348,1.275,0,-11.8548,-0.4725,0,-11.9408,-0.472,0,-12.0397,-0.5392,0,-12.0162,-0.5452,0,-11.8671,-0.5483,0,-11.6529,-0.5552,0,-11.5039,-0.5521,0,-11.2834,-0.5607,0,-11.4657,-0.5661,0,-11.5072,-0.5728,0,-11.4536,-0.5706,0,0.0,0.0,0.0,-0.1782,1.1058,-0.2614,-0.9455,0.2735,0.6753
2021-06-30,3.8869,0.9522,0,3.7439,0.888,0,3.8507000000000002,1.0498,0,4.0592,1.2727,0,4.1419,1.3475,0,4.1084,1.3619,0,4.0251,1.3134,0,4.1222,1.1878,0,3.8127999999999997,0.8192,0,3.7778,0.6138,0,3.6418,0.3415,0,-8.6876,-0.179,0,-8.8306,-0.1829,0,-8.7238,-0.2382,0,-8.5153,-0.2291,0,-8.4326,-0.2349,0,-8.4661,-0.2571,0,-8.5494,-0.2705,0,-8.4523,-0.2867,0,-8.7617,-0.3019,0,-8.7967,-0.3084,0,-8.9327,-0.32,0,0.0,0.0,0.0,-1.9149,1.7115,1.7465,0.224,-0.1595,0.5417
2021-07-31,4.7286,1.6575,1,4.5504,1.5732,1,4.4554,1.6342,1,4.248,1.4662,0,4.2045,1.4054,0,4.1028,1.3524,0,4.017099999999999,1.3029,0,4.0937,1.1578,0,3.8027,0.8668,0,3.7867,0.7309,0,3.6756,0.5018,0,-3.1337,0.2873,0,-3.3119,0.2814,0,-3.4069,0.2036,0,-3.6143,0.1829,0,-3.6578,0.1705,0,-3.7595,0.1483,0,-3.8452,0.1374,0,-3.7686,0.1229,0,-4.0596,0.1099,0,-4.0756,0.1048,0,-4.1867,0.0978,0,0.0,0.0,0.0,-0.9987,1.6597,-0.6518,-1.1655,-0.1696,0.363
2021-08-31,4.3697,1.3277,0,4.4,1.4135,0,4.2795,1.4307,0,4.248900000000001,1.4405,0,4.2553,1.431,0,4.1989,1.4538,0,4.0978,1.4142,0,4.254999999999999,1.4979,0,4.0693,1.5459,1,4.1623,1.7269,1,4.167300000000001,1.7782,1,-0.1858,0.5859,0,-0.1555,0.5967,0,-0.276,0.5061,0,-0.3066,0.5006,0,-0.3002,0.4944,0,-0.3566,0.4794,0,-0.4577,0.4695,0,-0.3005,0.4646,0,-0.4862,0.461,0,-0.3932,0.4648,0,-0.3882,0.4696,0,0.0,0.0,0.0,0.261,-0.7999,-0.076,-0.1378,0.8673,0.1765
2021-09-30,5.1638,1.8843,1,4.930199999999999,1.7565,1,4.8173,1.8385,1,4.6988,1.7974,1,4.6978,1.8155,1,4.5466,1.8241,1,4.4559999999999995,1.8779,1,4.5424,1.9467,1,4.384499999999999,2.1476,1,4.543699999999999,2.4928,1,4.686299999999999,2.7613,1,8.9184,1.3502,0,8.6848,1.34,0,8.5719,1.237,0,8.4534,1.2284,0,8.4524,1.2278,0,8.3012,1.2151,0,8.2106,1.2118,0,8.297,1.2088,0,8.1391,1.2101,0,8.2983,1.2193,0,8.4409,1.2399,0,0.0,0.0,0.0,0.5696,0.9237,-0.2892,0.0816,0.1864,0.2909
2021-10-31,5.2084,1.7318,1,5.4303,1.9125,1,5.879999999999999,2.3838,1,5.8542,2.4619,1,5.744299999999999,2.4587,1,5.4862,2.5663,1,5.2425,2.577,1,5.1968,2.6342,1,4.789999999999999,2.5078,1,4.728400000000001,2.4101,1,4.531999999999999,2.063,1,12.399,1.585,1,12.6209,1.6078,1,13.0706,1.5474,1,13.0448,1.5476,1,12.9349,1.5415,1,12.6768,1.5276,1,12.4331,1.5164,1,12.3874,1.5076,1,11.9806,1.492,0,11.919,1.4842,0,11.7226,1.4784,0,0.0,0.0,0.0,-1.1261,1.7548,2.6486,0.6069,0.3586,0.1765
2021-11-30,5.5778,1.8021,1,5.826599999999999,1.9368,1,6.213700000000001,2.245,1,6.2072,2.316,1,6.133600000000001,2.351,1,5.888,2.4843,1,5.590199999999999,2.4924,1,5.495,2.5402,1,5.020900000000001,2.4297,1,4.9533,2.373,1,4.747299999999999,2.1473,1,3.6553,0.9083,0,3.9041,0.9315,0,4.2912,0.8694,0,4.2847,0.8677,0,4.2111,0.8588,0,3.9655,0.8377,0,3.6677,0.8179,0,3.5725,0.7989,0,3.0984,0.777,0,3.0308,0.7692,0,2.8248,0.7576,0,0.0,0.0,0.0,-0.5695,-0.6311,0.8879,-0.5282,0.6609,-0.0352
2021-12-31,5.3994,1.5064,1,5.6537,1.6221,1,5.937099999999999,1.8015,1,5.9778,1.8766,1,5.9416,1.9105,1,5.8308,2.0767,1,5.667599999999999,2.1867,1,5.6646,2.3261,1,5.331899999999999,2.438,1,5.2695,2.4287,1,5.111699999999999,2.3971,1,2.4517,0.9246,0,2.706,0.9481,0,2.9894,0.8609,0,3.0301,0.8658,0,2.9939,0.8595,0,2.8831,0.8514,0,2.7199,0.8443,0,2.7169,0.8329,0,2.3842,0.8238,0,2.3218,0.8163,0,2.164,0.8078,0,0.0,0.0,0.0,0.2459,-2.9907,0.3678,-0.3442,-0.1016,0.3843
2022-01-31,7.9243999999999994,2.6136,1,7.8318,2.4996,1,7.768600000000001,2.4721,1,7.5383,2.4375,1,7.418200000000001,2.4752,1,7.236599999999999,2.6733,1,6.884499999999999,2.7286,1,6.7203,2.8339,1,6.251899999999999,2.8871,1,6.0748,2.8301,1,5.7581999999999995,2.7496,1,4.3998,1.0501,0,4.3072,1.0426,0,4.244,1.029,0,4.0137,1.0122,0,3.8936,1.001,0,3.712,0.9914,0,3.3599,0.9716,0,3.1957,0.9486,0,2.7273,0.93,0,2.5502,0.9129,0,2.2336,0.8899,0,0.0,0.0,0.0,0.991,2.081,0.2216,0.0375,-0.7357,-0.179
2022-02-28,11.87,3.3224,1,11.69,3.2341,1,11.4058,3.203,1,10.8342,3.1504,1,10.817,3.2493,1,10.689499999999999,3.4619,1,10.270299999999999,3.5651,1,9.745,3.6371,1,8.6715,3.5762,1,8.040400000000002,3.4522,1,7.106100000000001,3.2344,1,-1.9614,0.5289,0,-2.1414,0.5152,0,-2.4256,0.4783,0,-2.9972,0.4253,0,-3.0144,0.4169,0,-3.1419,0.4007,0,-3.5611,0.3672,0,-4.0864,0.3025,0,-5.1599,0.2212,0,-5.791,0.1596,0,-6.7253,0.0713,0,-1.0,0.0,0.0,2.9565,3.1346,2.1871,0.6649,-0.1685,0.1105
2022-03-31,13.2288,2.9156,1,12.5281,2.7719,1,11.560099999999998,2.6108,1,10.2608,2.3955,1,9.5049,2.2288,1,8.8267,2.1273,1,8.445,2.145,1,8.4422,2.3121,1,8.0808,2.522,1,7.939300000000001,2.6576,1,7.704000000000001,2.8987,1,-0.6189,0.6156,0,-1.3196,0.5583,0,-2.2876,0.4641,0,-3.5869,0.3501,0,-4.3428,0.2753,0,-5.021,0.2051,0,-5.4027,0.1732,0,-5.4055,0.1577,0,-5.7669,0.1469,0,-5.9084,0.135,0,-6.1437,0.1178,0,0.0,0.0,0.0,1.3719,1.3976,-3.4575,0.4581,-0.2376,0.2125
2022-04-30,11.2424,1.9789,1,9.719899999999999,1.6634,1,8.158,1.3075,0,7.3328999999999995,1.1696,0,7.378500000000001,1.2385,0,7.4664,1.3616,0,7.3725000000000005,1.4451,0,7.481400000000001,1.5759,1,7.263400000000001,1.7596,1,7.2835,1.9124,1,7.212,2.1306,1,17.0753,1.9584,1,15.5528,1.8587,1,13.9909,1.7569,1,13.1658,1.715,1,13.2114,1.7299,1,13.2993,1.7625,1,13.2054,1.7803,1,13.3143,1.8,1,13.0963,1.8175,1,13.1164,1.825,1,13.0449,1.8351,1,0.0,0.0,0.0,0.6311,-2.1936,-1.4962,0.7151,-1.1109,0.0879
2022-05-31,9.2004,1.2681,0,8.726700000000001,1.2453,0,8.174,1.2032,0,7.581799999999999,1.1589,0,7.438699999999999,1.1584,0,7.1335999999999995,1.113,0,6.8231,1.0807,0,6.737400000000001,1.0741,0,6.3873,1.1276,0,6.3323,1.186,0,6.200600000000001,1.2754,0,28.1889,2.3952,1,27.7152,2.393,1,27.1625,2.3964,1,26.5703,2.3933,1,26.4272,2.4003,1,26.1221,2.4131,1,25.8116,2.4215,1,25.7259,2.4338,1,25.3758,2.4434,1,25.3208,2.4458,1,25.1891,2.4531,1,1.0,0.0,0.0,-2.5166,1.2675,1.3922,-0.2382,-1.0791,0.0775
2022-06-30,7.1494,0.6379,0,6.9381,0.6603,0,6.739599999999999,0.6749,0,6.3452,0.648,0,6.2209,0.6223,0,6.0871,0.5955,0,5.942499999999999,0.5977,0,5.969499999999999,0.6008,0,5.6882,0.6481,0,5.6545000000000005,0.689,0,5.54,0.7372,0,44.7012,2.7706,1,44.4899,2.7837,1,44.2914,2.8094,1,43.897,2.8247,1,43.7727,2.835,1,43.6389,2.8598,1,43.4943,2.8785,1,43.5213,2.8976,1,43.24,2.9098,1,43.2063,2.9133,1,43.0918,2.9211,1,0.0,0.0,0.0,-1.2925,-1.2795,0.2044,0.4577,-0.7104,0.8435
2022-07-31,5.6512,0.1712,0,5.4638,0.1774,0,5.3277,0.1697,0,5.3214,0.2262,0,5.5272,0.3001,0,5.856399999999999,0.4399,0,5.9326,0.5355,0,6.134,0.6295,0,6.051,0.7964,0,6.0635,0.8761,0,6.0051000000000005,0.9852,0,26.2898,1.5323,1,26.1024,1.5393,1,25.9663,1.552,1,25.96,1.5729,1,26.1658,1.5906,1,26.495,1.6213,1,26.5712,1.6395,1,26.7726,1.6555,1,26.6896,1.671,1,26.7021,1.675,1,26.6437,1.681,1,0.0,0.0,0.0,0.6965,-2.4154,-0.2835,-0.4471,-0.7209,0.4308
2022-08-31,6.2396,0.292,0,6.0169,0.2943,0,5.9522,0.3256,0,5.7431,0.3296,0,5.8582,0.3772,0,6.1035,0.4934,0,6.2256,0.6189,0,6.487499999999999,0.7566,0,6.4728,0.9685,0,6.486599999999999,1.0566,0,6.4438,1.1912,0,32.6362,1.6758,1,32.4135,1.6812,1,32.3488,1.6974,1,32.1397,1.7076,1,32.2548,1.719,1,32.5001,1.7419,1,32.6222,1.7598,1,32.8841,1.7767,1,32.8694,1.7924,1,32.8832,1.7957,1,32.8404,1.8017,1,0.0,1.0,0.0,0.4023,0.2822,-0.6566,-1.5295,0.077,0.3283
2022-09-30,7.0074,0.4586,0,6.83,0.4853,0,6.936499999999999,0.5993,0,7.073600000000001,0.7715,0,7.315900000000001,0.9031,0,7.696399999999999,1.1309,0,7.854899999999999,1.3164,0,8.0299,1.4661,0,7.9963000000000015,1.6945,1,8.0183,1.8114,1,7.971,1.9871,1,41.283,1.8876,1,41.1056,1.8962,1,41.2121,1.9169,1,41.3492,1.9413,1,41.5915,1.9567,1,41.972,1.9815,1,42.1305,1.9975,1,42.3055,2.0079,1,42.2719,2.0189,1,42.2939,2.0215,1,42.2466,2.0263,1,-1.0,0.0,0.0,2.1828,-0.7701,0.2657,0.7526,-0.2632,0.7889
2022-10-31,5.8050999999999995,0.0438,0,5.8284,0.1094,0,5.9895,0.2136,0,6.1217999999999995,0.3403,0,6.4137,0.4638,0,6.942799999999999,0.7156,0,7.186,0.9066,0,7.5367,1.1032,0,7.6354999999999995,1.3572,0,7.6882,1.465,0,7.684699999999999,1.6216,1,32.5669,1.3436,0,32.5902,1.3582,0,32.7513,1.3758,0,32.8836,1.3946,0,33.1755,1.4087,0,33.7046,1.4342,0,33.9478,1.4503,0,34.2985,1.4649,0,34.3973,1.4797,0,34.45,1.4832,0,34.4465,1.4884,0,0.0,0.0,0.0,-0.3291,-1.2403,-0.6659,-1.0398,-0.0701,-0.2862
2022-11-30,5.0289,-0.258,0,5.1259,-0.1879,0,5.3259,-0.0871,0,5.5898,0.0593,0,5.9383,0.1926,0,6.5455000000000005,0.4652,0,6.9155,0.7044,0,7.3149999999999995,0.9084,0,7.4773,1.171,0,7.5565,1.2784,0,7.5737,1.4208,0,37.5338,1.4588,0,37.6308,1.4754,0,37.8308,1.4917,0,38.0947,1.5142,1,38.4432,1.5287,1,39.0504,1.5531,1,39.4204,1.5717,1,39.8199,1.5856,1,39.9822,1.5995,1,40.0614,1.603,1,40.0786,1.6078,1,0.0,-1.0,0.0,0.2566,-0.7723,-0.5309,2.1187,1.1237,-0.9092
2022-12-31,4.6281,-0.4516,0,4.8003,-0.3676,0,5.1531,-0.2172,0,5.5978,-0.0046,0,6.116,0.2092,0,6.725399999999999,0.492,0,7.0718000000000005,0.7211,0,7.4747,0.923,0,7.6568000000000005,1.1792,0,7.7781,1.3012,0,7.844799999999999,1.458,0,20.9591,0.5757,0,21.1313,0.5937,0,21.4841,0.6167,0,21.9288,0.6455,0,22.447,0.6677,0,23.0564,0.6922,0,23.4028,0.7098,0,23.8057,0.7235,0,23.9878,0.7406,0,24.1091,0.7469,0,24.1758,0.7541,0,0.0,0.0,0.0,0.4152,-1.0627,-0.0404,-0.5804,0.339,-0.7335
2023-01-31,5.0944,-0.3594,0,5.0386999999999995,-0.3483,0,5.1465,-0.2945,0,5.4607,-0.1434,0,5.901,0.0324,0,6.666099999999999,0.3979,0,7.178899999999999,0.7145,0,7.6922999999999995,0.9705,0,8.005400000000002,1.2758,0,8.159699999999999,1.4041,0,8.250699999999998,1.5565,1,22.1601,0.5764,0,22.1044,0.5826,0,22.2122,0.5929,0,22.5264,0.6149,0,22.9667,0.6329,0,23.7318,0.6651,0,24.2446,0.6909,0,24.758,0.7098,0,25.0711,0.7327,0,25.2254,0.7404,0,25.3164,0.7484,0,0.0,0.0,0.0,1.1576,-1.0245,-0.9179,0.1888,-0.9993,1.6812
2023-02-28,5.2195,-0.366,0,5.219899999999999,-0.3388,0,5.4009,-0.259,0,5.8215,-0.0392,0,6.246600000000001,0.1468,0,6.9326,0.4833,0,7.422699999999999,0.7853,0,7.968299999999999,1.0482,0,8.2776,1.3203,0,8.412,1.424,0,8.487099999999998,1.5456,1,25.5992,0.7034,0,25.5996,0.7128,0,25.7806,0.7265,0,26.2012,0.7533,0,26.6263,0.7691,0,27.3123,0.7944,0,27.8024,0.8168,0,28.348,0.8357,0,28.6573,0.8558,0,28.7917,0.8614,0,28.8668,0.8676,0,0.0,0.0,0.0,0.6125,-0.2332,-0.4826,0.5108,1.4088,-1.8686
2023-03-31,5.8694,-0.181,0,5.6403,-0.2315,0,5.5972,-0.2406,0,5.8582,-0.0873,0,6.241099999999999,0.0802,0,6.9763,0.448,0,7.459599999999999,0.7394,0,7.9772,0.973,0,8.2411,1.1979,0,8.3646,1.2857,0,8.4268,1.383,0,22.7299,0.482,0,22.5008,0.4779,0,22.4577,0.479,0,22.7187,0.4972,0,23.1016,0.5114,0,23.8368,0.5407,0,24.3201,0.5633,0,24.8377,0.581,0,25.1016,0.5996,0,25.2251,0.6051,0,25.2873,0.6111,0,0.0,0.0,0.0,0.2921,-0.0601,-0.7099,-0.4766,-0.3168,-0.3268
2023-04-30,5.2759,-0.4576,0,5.2379,-0.4535,0,5.2936000000000005,-0.4476,0,5.6252,-0.2865,0,6.1299,-0.0539,0,6.997,0.398,0,7.5847999999999995,0.7488,0,8.1512,1.0003,0,8.4399,1.2164,0,8.5875,1.3092,0,8.7145,1.4252,0,-1.0971,-0.9596,0,-1.1351,-0.9534,0,-1.0794,-0.9429,0,-0.7478,-0.9135,0,-0.2431,-0.8838,0,0.624,-0.8324,0,1.2118,-0.7937,0,1.7782,-0.7651,0,2.0669,-0.7326,0,2.2145,-0.721,0,2.3415,-0.7055,0,0.0,0.0,0.0,0.6056,-0.9984,-0.43,-0.6021,0.3447,-0.9102
2023-05-31,5.9099,-0.2512,0,5.7759,-0.2681,0,5.7571,-0.2777,0,5.9836,-0.1475,0,6.4190000000000005,0.0564,0,7.1541999999999994,0.4346,0,7.6259,0.7097,0,8.195,0.9527,0,8.494,1.1571,0,8.631599999999999,1.2369,0,8.7867,1.3507,0,-11.3518,-1.5819,-1,-11.4858,-1.5815,-1,-11.5046,-1.5746,-1,-11.2781,-1.5501,-1,-10.8427,-1.523,-1,-10.1075,-1.4766,0,-9.6358,-1.442,0,-9.0667,-1.4116,0,-8.7677,-1.3753,0,-8.6301,-1.363,0,-8.475,-1.3434,0,0.0,0.0,0.0,0.2154,0.0858,-0.6505,-0.211,-1.2375,-1.2381
2023-06-30,5.8565,-0.3138,0,5.8995999999999995,-0.2609,0,6.1077,-0.1511,0,6.4153,0.0593,0,6.834700000000001,0.2693,0,7.5153,0.6145,0,7.9324,0.8474,0,8.4549,1.0491,0,8.7475,1.228,0,8.888599999999999,1.3037,0,9.032799999999998,1.3969,0,-38.4438,-2.6982,-1,-38.4007,-2.6926,-1,-38.1926,-2.6771,-1,-37.885,-2.6535,-1,-37.4656,-2.6334,-1,-36.785,-2.6008,-1,-36.3679,-2.5764,-1,-35.8454,-2.5551,-1,-35.5528,-2.5261,-1,-35.4117,-2.5153,-1,-35.2675,-2.4994,-1,0.0,0.0,0.0,0.3049,-0.1988,-0.0218,-0.8134,-0.4885,0.0641
2023-07-31,6.219,-0.1913,0,6.4136999999999995,-0.0597,0,6.9597999999999995,0.254,0,7.2354,0.5217,0,7.5534,0.7022,0,7.9856,0.8872,0,8.2227,0.9897,0,8.5103,1.0271,0,8.585700000000001,1.0644,0,8.6117,1.0686,0,8.5397,1.0346,0,-25.7573,-1.8607,-1,-25.5626,-1.8501,-1,-25.0165,-1.8252,-1,-24.7409,-1.8098,-1,-24.4229,-1.8001,-1,-23.9907,-1.7877,-1,-23.7536,-1.7778,-1,-23.466,-1.7719,-1,-23.3906,-1.7602,-1,-23.3646,-1.7571,-1,-23.4366,-1.7543,-1,0.0,0.0,0.0,-1.1836,0.7359,0.8096,-0.5184,-0.7107,0.9984
2023-08-31,8.6091,0.7492,0,8.47,0.8366,0,8.6049,1.0633,0,8.560300000000002,1.2937,0,8.6385,1.3892,0,8.740400000000001,1.3848,0,8.782499999999999,1.3469,0,8.912500000000001,1.2611,0,8.8415,1.1759,0,8.834299999999999,1.1525,0,8.7773,1.1179,0,-32.1177,-1.9344,-1,-32.2568,-1.9387,-1,-32.1219,-1.936,-1,-32.1665,-1.9361,-1,-32.0883,-1.9378,-1,-31.9864,-1.9411,-1,-31.9443,-1.9411,-1,-31.8143,-1.9422,-1,-31.8853,-1.9386,-1,-31.8925,-1.9367,-1,-31.9495,-1.9332,-1,0.0,0.0,0.0,-0.3402,1.6745,-0.3584,-1.3151,1.7301,-0.0417
2023-09-30,10.379100000000001,1.3652,0,10.3302,1.5488,1,10.4023,1.8189,1,10.1141,2.0434,1,9.8687,2.042,1,9.554400000000001,1.8812,1,9.3225,1.6835,1,9.2549,1.4643,0,9.1067,1.3031,0,9.0538,1.2369,0,8.8778,1.109,0,-41.0818,-2.0226,-1,-41.1307,-2.0236,-1,-41.0586,-2.0245,-1,-41.3468,-2.0324,-1,-41.5922,-2.0439,-1,-41.9065,-2.0594,-1,-42.1384,-2.0679,-1,-42.206,-2.0747,-1,-42.3542,-2.0741,-1,-42.4071,-2.0736,-1,-42.5831,-2.074,-1,0.0,0.0,0.0,-0.5283,1.7208,0.3257,1.0652,1.8217,-0.4631
2023-10-31,10.837100000000001,1.409,0,10.702200000000001,1.5448,1,10.7449,1.7646,1,10.418899999999999,1.9429,1,10.1799,1.9695,1,9.9475,1.9492,1,9.792200000000001,1.882,1,9.8062,1.7793,1,9.7375,1.6767,1,9.7426,1.6469,1,9.6644,1.5686,1,-30.1805,-1.4408,0,-30.3154,-1.4433,0,-30.2727,-1.4437,0,-30.5987,-1.4517,0,-30.8377,-1.4618,0,-31.0701,-1.4735,0,-31.2254,-1.479,0,-31.2114,-1.4828,0,-31.2801,-1.4807,0,-31.275,-1.4788,0,-31.3532,-1.4766,0,0.0,0.0,0.0,0.9262,-0.2458,-0.1906,0.9688,1.8684,-1.6066
2023-11-30,11.1226,1.3822,0,9.8094,1.0637,0,9.1633,0.9227,0,9.1341,1.1072,0,9.1279,1.1741,0,9.0709,1.1766,0,9.0236,1.1687,0,9.072,1.0992,0,9.0304,1.069,0,8.9552,0.9906,0,8.8395,0.9142,0,-27.206,-1.2336,0,-28.5192,-1.2736,0,-29.1653,-1.2956,0,-29.1945,-1.2927,0,-29.2007,-1.2941,0,-29.2577,-1.2994,0,-29.305,-1.3013,0,-29.2566,-1.3041,0,-29.2982,-1.3022,0,-29.3734,-1.3034,0,-29.4891,-1.303,0,0.0,0.0,0.0,-0.9267,0.1358,-0.6944,-0.2588,1.9085,-0.6475
2023-12-31,9.9283,0.8489,0,10.29,1.163,0,10.700399999999998,1.4945,0,10.3002,1.5806,1,9.7606,1.4313,0,9.3499,1.2789,0,9.2672,1.2792,0,9.3047,1.2346,0,9.1594,1.1278,0,9.0351,1.0097,0,8.8131,0.8426,0,-14.0502,-0.7143,0,-13.6885,-0.6935,0,-13.2781,-0.6766,0,-13.6783,-0.687,0,-14.2179,-0.7083,0,-14.6286,-0.7278,0,-14.7113,-0.7324,0,-14.6738,-0.7367,0,-14.8191,-0.7394,0,-14.9434,-0.7428,0,-15.1654,-0.7468,0,0.0,0.0,0.0,-1.3038,0.1044,1.8321,-0.7946,-0.9931,0.9459
2024-01-31,11.669,1.3927,0,11.519400000000001,1.5266,1,11.3798,1.6293,1,10.7364,1.634,1,10.147,1.5148,1,9.4828,1.2638,0,9.1833,1.1082,0,9.207,1.054,0,9.521099999999999,1.3525,0,9.999699999999999,1.7306,1,10.861799999999999,2.3039,1,-6.8647,-0.4329,0,-7.0143,-0.4308,0,-7.1539,-0.4334,0,-7.7973,-0.4522,0,-8.3867,-0.475,0,-9.0509,-0.5036,0,-9.3504,-0.5166,0,-9.3267,-0.522,0,-9.0126,-0.5099,0,-8.534,-0.4932,0,-7.6719,-0.4609,0,0.0,1.0,0.0,1.3255,0.2609,-1.5575,-1.8729,0.948,1.4608
2024-02-29,11.9446,1.4902,0,11.9061,1.6661,1,11.7929,1.7777,1,11.2274,1.8441,1,10.7195,1.8618,1,10.1622,1.8432,1,9.94,1.7992,1,9.9725,1.7331,1,10.1481,1.7545,1,10.5294,1.9294,1,11.3784,2.2868,1,-4.3946,-0.339,0,-4.4331,-0.3331,0,-4.5463,-0.3349,0,-5.1118,-0.351,0,-5.6197,-0.3704,0,-6.177,-0.3949,0,-6.3992,-0.4057,0,-6.3667,-0.412,0,-6.1911,-0.4071,0,-5.8098,-0.3957,0,-4.9608,-0.367,0,0.0,0.0,0.0,0.2395,0.4308,0.4387,-1.4507,0.3407,1.5546
2024-03-31,13.4786,2.0326,1,13.210899999999999,2.1189,1,12.6775,2.0538,1,11.7483,1.9657,1,11.1585,1.9509,1,10.7126,2.0202,1,10.682500000000001,2.1181,1,10.969899999999999,2.2471,1,11.248,2.2711,1,11.5367,2.3009,1,11.830599999999999,2.2061,1,1.0017,-0.1455,0,0.734,-0.1486,0,0.2006,-0.1661,0,-0.7286,-0.1964,0,-1.3184,-0.2197,0,-1.7643,-0.2415,0,-1.7944,-0.2464,0,-1.507,-0.2444,0,-1.2289,-0.2368,0,-0.9402,-0.2295,0,-0.6463,-0.2214,0,0.0,0.0,0.0,1.2843,0.9229,-1.3025,0.6749,-0.0078,-0.2578
2024-04-30,13.1158,1.792,1,12.9504,1.8355,1,12.8172,1.8661,1,12.2968,1.937,1,11.906400000000001,2.0372,1,11.461599999999999,2.1589,1,11.277800000000001,2.1819,1,11.2872,2.1324,1,11.358,2.0323,1,11.4543,1.9509,1,11.5818,1.8047,1,4.8248,0.012,0,4.6594,0.0106,0,4.5262,0.0058,0,4.0058,-0.0104,0,3.6154,-0.0266,0,3.1706,-0.0487,0,2.9868,-0.0595,0,2.9962,-0.0676,0,3.067,-0.0679,0,3.1633,-0.0676,0,3.2908,-0.0656,0,0.0,0.0,0.0,-0.6667,0.6854,1.3099,0.9836,-0.5257,-0.7201
2024-05-31,13.587200000000001,1.7616,1,13.7601,1.8831,1,14.0856,2.0291,1,14.0113,2.2445,1,13.654,2.393,1,13.145,2.5697,1,12.807400000000001,2.5986,1,12.6674,2.5587,1,12.439,2.3633,1,12.2998,2.1843,1,12.154800000000002,1.9184,1,5.1233,0.0589,0,5.2962,0.0691,0,5.6217,0.0798,0,5.5474,0.0788,0,5.1901,0.0636,0,4.6811,0.0386,0,4.3435,0.0218,0,4.2035,0.008,0,3.9751,-0.0033,0,3.8359,-0.0114,0,3.6909,-0.0193,0,0.0,0.0,0.0,0.3466,0.2061,2.0408,1.1396,-0.5254,-1.2004
2024-06-30,14.4489,1.7984,1,14.921100000000001,1.9644,1,15.221000000000002,2.0686,1,14.9765,2.2028,1,14.414000000000001,2.2816,1,13.651800000000001,2.3735,1,13.227,2.4022,1,12.9042,2.3397,1,12.6162,2.2089,1,12.4671,2.0763,1,12.3018,1.8508,1,17.9612,0.6051,0,18.4334,0.625,0,18.7333,0.6338,0,18.4888,0.6239,0,17.9263,0.5983,0,17.1641,0.5598,0,16.7393,0.5374,0,16.4165,0.5152,0,16.1285,0.5005,0,15.9794,0.4918,0,15.8141,0.4829,0,0.0,0.0,0.0,-0.7009,0.6712,0.7351,-0.2968,-0.5074,-0.5149
2024-07-31,14.876800000000001,1.7141,1,15.3101,1.8346,1,15.8099,1.962,1,15.5648,2.0747,1,14.9938,2.1508,1,14.300999999999998,2.2794,1,13.878,2.3407,1,13.5306,2.3318,1,13.2774,2.2879,1,13.1107,2.1937,1,12.9675,2.0236,1,21.8298,0.7679,0,22.2631,0.7843,0,22.7629,0.7992,0,22.5178,0.7891,0,21.9468,0.7643,0,21.254,0.7297,0,20.831,0.7078,0,20.4836,0.6853,0,20.2304,0.672,0,20.0637,0.6628,0,19.9205,0.6549,0,0.0,0.0,0.0,0.6411,-0.802,0.509,0.6599,-0.3715,-1.4852
2024-08-31,15.929099999999998,1.7789,1,16.4251,1.8826,1,16.860000000000003,1.9656,1,16.5903,2.0641,1,15.882100000000001,2.1173,1,14.8278,2.1561,1,14.0989,2.1276,1,13.6096,2.0868,1,13.2448,2.0232,1,13.0273,1.9352,1,12.8549,1.7905,1,24.811,0.9102,0,25.307,0.9266,0,25.7419,0.9372,0,25.4722,0.9256,0,24.764,0.8972,0,23.7097,0.851,0,22.9808,0.8188,0,22.4915,0.7922,0,22.1267,0.7751,0,21.9092,0.7643,0,21.7368,0.7555,0,0.0,0.0,0.0,-0.9533,1.2024,0.9282,0.9192,-0.3447,-0.9155
2024-09-30,18.0914,2.0286,1,18.051,1.996,1,18.0621,1.9755,1,17.591,2.0234,1,16.9564,2.1024,1,15.6312,2.1084,1,14.576799999999999,2.0198,1,13.6982,1.8691,1,12.8395,1.6143,1,12.32,1.3941,0,11.885,1.1419,0,19.1631,0.7562,0,19.1227,0.7511,0,19.1338,0.7453,0,18.6627,0.7274,0,18.0281,0.7037,0,16.7029,0.6495,0,15.6485,0.6057,0,14.7699,0.5644,0,13.9112,0.528,0,13.3917,0.5054,0,12.9567,0.4859,0,0.0,0.0,0.0,-2.2209,2.2185,1.4443,1.2403,-1.2022,-0.9943
2024-10-31,20.313399999999998,2.1861,1,20.381,2.1759,1,20.404,2.1635,1,19.9418,2.2258,1,19.1265,2.291,1,17.465300000000003,2.3072,1,16.051,2.2232,1,14.7424,2.0472,1,13.5683,1.7777,1,12.9325,1.5677,1,12.364999999999998,1.2937,0,13.6137,0.577,0,13.6813,0.5771,0,13.7043,0.5725,0,13.2421,0.5564,0,12.4268,0.5272,0,10.7656,0.4622,0,9.3513,0.4052,0,8.0427,0.3474,0,6.8686,0.2986,0,6.2328,0.2712,0,5.6653,0.2461,0,0.0,0.0,0.0,-0.5508,1.6593,2.0497,0.8147,-0.3192,-0.3535
2024-11-30,21.849999999999998,2.1677,1,21.64,2.1136,1,21.1602,2.0263,1,20.0729,1.9739,1,18.9558,1.9674,1,16.9502,1.8929,1,15.504,1.7995,1,14.219399999999998,1.6408,1,13.137799999999999,1.4293,0,12.5476,1.2545,0,12.087499999999999,1.0545,0,5.1006,0.2857,0,4.8906,0.2755,0,4.4108,0.2501,0,3.3235,0.2083,0,2.2064,0.1664,0,0.2008,0.0862,0,-1.2454,0.0269,0,-2.53,-0.0313,0,-3.6116,-0.0775,0,-4.2018,-0.1039,0,-4.6619,-0.1253,0,0.0,0.0,0.0,-0.9118,0.8298,-0.2709,0.1889,0.2598,-0.9793
2024-12-31,17.890900000000002,1.2662,0,17.7935,1.2419,0,17.4957,1.1881,0,16.923,1.1919,0,16.2928,1.2225,0,15.1148,1.2437,0,14.2813,1.2605,0,13.5448,1.247,0,12.6934,1.1168,0,12.2453,1.0086,0,11.9879,0.9216,0,11.3433,0.5984,0,11.2459,0.5922,0,10.9481,0.5758,0,10.3754,0.5598,0,9.7452,0.544,0,8.5672,0.5075,0,7.7337,0.48,0,6.9972,0.4505,0,6.1458,0.4172,0,5.6977,0.3988,0,5.4403,0.3876,0,0.0,1.0,0.0,-0.8129,-3.1865,0.2843,-2.2784,-0.9835,1.288
2025-01-31,17.3025,1.0607,0,17.18,1.0345,0,16.9864,1.0028,0,16.6085,1.038,0,16.2192,1.1112,0,15.667599999999998,1.2887,0,15.261599999999998,1.4571,0,14.900100000000002,1.6379,1,14.456199999999999,1.7815,1,14.157799999999998,1.8322,1,14.0825,1.8909,1,9.8023,0.5625,0,9.6798,0.5553,0,9.4862,0.5443,0,9.1083,0.5392,0,8.719,0.5371,0,8.1674,0.534,0,7.7614,0.5296,0,7.3999,0.5205,0,6.956,0.5087,0,6.6576,0.4986,0,6.5823,0.4966,0,0.0,0.0,0.0,2.8537,-1.9373,-0.7812,-0.3385,2.5323,-1.05
2025-02-28,18.3304,1.1742,0,17.985500000000002,1.107,0,17.470299999999998,1.0186,0,16.5147,0.9392,0,15.7318,0.9174,0,14.8059,0.9592,0,14.248199999999999,1.0264,0,13.8048,1.0988,0,13.260100000000001,1.1156,0,12.9016,1.0824,0,12.855,1.121,0,24.4317,1.2619,0,24.0868,1.242,0,23.5716,1.2185,0,22.616,1.1949,0,21.8331,1.185,0,20.9072,1.1801,0,20.3495,1.1791,0,19.9061,1.1763,0,19.3614,1.1675,0,19.0029,1.159,0,18.9563,1.1601,0,0.0,0.0,0.0,-1.811,1.6373,-0.5284,0.8367,1.1795,-0.3004
2025-03-31,20.0,1.3956,0,18.4909,1.1212,0,16.6621,0.7825,0,15.0937,0.5621,0,14.504,0.5567,0,14.0677,0.6777,0,13.7868,0.7979,0,13.5171,0.9048,0,13.167,0.9888,0,12.9466,1.0218,0,13.0274,1.1232,0,30.0671,1.4852,0,28.558,1.4187,0,26.7292,1.3447,0,25.1608,1.3031,0,24.5711,1.3087,0,24.1348,1.3364,0,23.8539,1.3553,0,23.5842,1.368,0,23.2341,1.3745,0,23.0137,1.3762,0,23.0945,1.3842,0,0.0,0.0,0.0,1.0555,0.376,-2.4175,1.2483,-0.1145,0.4632
2025-04-30,18.864099999999997,1.085,0,17.930899999999998,0.9353,0,16.7301,0.7337,0,15.6093,0.6179,0,15.053400000000002,0.6318,0,14.5237,0.7484,0,14.2294,0.8798,0,14.005700000000001,1.0243,0,13.6945,1.1493,0,13.5175,1.2233,0,13.586,1.3181,0,30.3555,1.3746,0,29.4223,1.3413,0,28.2215,1.3041,0,27.1007,1.2887,0,26.5448,1.2977,0,26.0151,1.3219,0,25.7208,1.3407,0,25.4971,1.3564,0,25.1859,1.3658,0,25.0089,1.3704,0,25.0774,1.3772,0,0.0,0.0,0.0,0.3323,0.1314,0.3071,-1.4678,1.0614,-1.2479
2025-05-31,18.593799999999998,0.9587,0,17.3896,0.7548,0,15.964800000000002,0.4967,0,14.8083,0.3576,0,14.3723,0.387,0,14.016,0.5264,0,13.904599999999999,0.6975,0,13.838799999999999,0.8811,0,13.6059,1.0239,0,13.427,1.0879,0,13.474,1.1607,0,31.2991,1.2926,0,30.0949,1.2537,0,28.6701,1.213,0,27.5136,1.1987,0,27.0776,1.212,0,26.7213,1.2413,0,26.6099,1.2659,0,26.5441,1.287,0,26.3112,1.2991,0,26.1323,1.3034,0,26.1793,1.3086,0,0.0,0.0,0.0,0.2851,-0.0103,-1.0017,1.0565,-0.1213,-0.8054
2025-06-30,15.9778,0.3053,0,15.11,0.1539,0,14.059800000000001,-0.0531,0,13.256499999999999,-0.1319,0,13.064100000000002,-0.0601,0,13.0071,0.1251,0,12.9877,0.2884,0,13.0231,0.4627,0,12.904499999999999,0.609,0,12.8125,0.686,0,12.8589,0.7469,0,21.595,0.8113,0,20.7272,0.7856,0,19.677,0.7573,0,18.8737,0.7535,0,18.6813,0.7727,0,18.6243,0.8083,0,18.6049,0.8322,0,18.6403,0.853,0,18.5217,0.8666,0,18.4297,0.8728,0,18.4761,0.8772,0,0.0,0.0,0.0,-0.6625,-0.8902,-0.1805,-0.1833,-0.3375,-0.6171
2025-07-31,13.662600000000001,-0.3706,0,12.8903,-0.5216,0,12.3093,-0.6313,0,12.1805,-0.5342,0,12.277000000000001,-0.3855,0,12.319,-0.1927,0,12.3138,-0.0512,0,12.345600000000001,0.0843,0,12.2005,0.1748,0,12.059999999999999,0.1905,0,12.094999999999999,0.2356,0,17.7011,0.5714,0,16.9288,0.5498,0,16.3478,0.5415,0,16.219,0.5671,0,16.3155,0.5982,0,16.3575,0.6361,0,16.3523,0.6591,0,16.3841,0.6781,0,16.239,0.6893,0,16.0985,0.6924,0,16.1335,0.696,0,0.0,0.0,0.0,-1.1376,-0.8548,0.5443,0.4351,-0.1504,-0.059
2025-08-31,14.1487,-0.3238,0,13.3918,-0.471,0,12.6902,-0.6068,0,12.3758,-0.5544,0,12.3224,-0.4445,0,12.247800000000002,-0.2897,0,12.178,-0.1787,0,12.062100000000001,-0.125,0,11.8823,-0.0774,0,11.7259,-0.0925,0,11.7225,-0.0793,0,20.5392,0.6441,0,19.7823,0.6237,0,19.0807,0.6109,0,18.7663,0.6288,0,18.7129,0.6533,0,18.6383,0.6861,0,18.5685,0.7063,0,18.4526,0.7185,0,18.2728,0.7285,0,18.1164,0.7312,0,18.113,0.733,0,0.0,0.0,0.0,-0.5707,0.486,-0.3127,1.4316,-0.896,-0.7114
2025-09-30,13.1315,-0.6771,0,12.920300000000001,-0.6665,0,12.8847,-0.5979,0,12.9266,-0.4286,0,13.0696,-0.242,0,13.1964,0.0274,0,13.1267,0.1852,0,13.0695,0.3326,0,12.8171,0.4146,0,12.6784,0.4688,0,12.6739,0.5032,0,26.195,0.9089,0,25.9838,0.9182,0,25.9482,0.9451,0,25.9901,0.9869,0,26.1331,1.0248,0,26.2599,1.0721,0,26.1902,1.0949,0,26.133,1.1134,0,25.8806,1.1228,0,25.7419,1.1294,0,25.7374,1.1326,0,0.0,0.0,0.0,1.0671,-1.1513,0.6915,1.0676,-0.7154,-0.9919
2025-10-31,11.011500000000002,-1.3221,0,11.4065,-1.156,0,12.0974,-0.8856,0,12.9778,-0.4622,0,13.4254,-0.1693,0,13.5438,0.1138,0,13.3432,0.2275,0,12.974599999999999,0.2188,0,12.388300000000001,0.0749,0,12.0758,-0.0297,0,11.8769,-0.1707,0,29.4895,1.0784,0,29.8845,1.1251,0,30.5754,1.1986,0,31.4558,1.2923,0,31.9034,1.3469,0,32.0218,1.391,0,31.8212,1.4054,0,31.4526,1.4061,0,30.8663,1.3976,0,30.5538,1.3956,0,30.3549,1.389,0,0.0,0.0,0.0,-1.448,-1.1068,1.9576,-0.8745,0.2046,-0.9433
2025-11-30,11.8313,-1.0954,0,12.1127,-1.0077,0,12.6283,-0.8132,0,13.1517,-0.495,0,13.344899999999999,-0.285,0,13.2017,-0.1172,0,12.9068,-0.0742,0,12.4888,-0.1584,0,11.822700000000001,-0.4344,0,11.475,-0.648,0,11.2949,-0.8492,0,40.7933,1.8235,1,41.0747,1.8789,1,41.5903,1.95,1,42.1137,2.0056,1,42.3069,2.0271,1,42.1637,2.0375,1,41.8688,2.0397,1,41.4508,2.0372,1,40.7847,2.029,1,40.437,2.031,1,40.2569,2.0325,1,0.0,0.0,0.0,-1.0566,-0.0623,0.1222,0.3972,0.1826,-0.2625
2025-12-31,10.834299999999999,-1.4387,0,11.1602,-1.3544,0,11.802800000000001,-1.1429,0,12.5595,-0.7851,0,12.917000000000002,-0.5435,0,12.9491,-0.3338,0,12.854099999999999,-0.2035,0,12.592699999999999,-0.2027,0,11.9706,-0.48,0,11.6616,-0.7111,0,11.522599999999999,-0.9887,0,29.3361,0.9437,0,29.662,0.9929,0,30.3046,1.0648,0,31.0613,1.1424,0,31.4188,1.1829,0,31.4509,1.2105,0,31.3559,1.226,0,31.0945,1.2307,0,30.4724,1.2207,0,30.1634,1.2211,0,30.0244,1.2232,0,0.0,0.0,0.0,0.1517,-1.7748,0.4226,0.4993,-1.1437,-0.0644
